dag,iox,ioy,eux,euy,Mx,My
0,-414511821.801309,31664646.660616525,583550526.6140296,314974569.3312984,0,0
10,396515287.17172384,220298324.81040972,523270840.1393983,-452576610.07797426,0,0
20,-278383429.78280306,-280206220.154671,-196827351.96745652,-668543546.1402112,0,0
30,208789552.75725567,404074457.7002579,-668885984.0730687,-70285828.82819858,0,0
40,37834779.54445021,-411472761.81716275,-249937834.6911831,598017185.0793729,0,0
50,-73567726.42206654,421139343.5028947,522238721.6823838,398625433.0363504,0,0
60,321041655.95410043,-309744995.5911628,574651822.841664,-375731127.41281855,0,0
70,-332175461.71801996,219401077.92536867,-110323475.05868754,-689962209.7334136,0,0
80,451435410.97490156,-77958316.54444683,-658503097.1258171,-167275497.44828337,0,0
90,-383419554.74262404,-124934041.83396053,-346986294.6272833,551266271.5750741,0,0
100,396608283.6391181,187957752.7743883,447768280.9179886,473893214.57753193,0,0
110,-203247361.38295734,-385686464.37533146,615333233.4376918,-290263630.0179055,0,0
120,148078621.32879606,377670903.5512412,-21992514.97864662,-698502099.0462409,0,0
130,62452256.96520618,-453319242.3909063,-634844668.4353797,-259280655.80276513,0,0
140,-197509566.31647125,344121057.28102183,-434735234.6598522,491529260.62433904,0,0
150,298774104.09110665,-334385377.5479535,361646796.6846417,538293309.7826847,0,0
160,-414034395.1418956,92853026.67028713,643977510.6103959,-197410343.292283,0,0
170,411890958.194392,-60097029.004940614,66919902.32350123,-694054553.0389856,0,0
180,-409882262.14290667,-193651264.53028437,-599009943.6615207,-344808382.1036708,0,0
190,297489158.532054,259882026.30672866,-511188243.3044257,420954893.4396968,0,0
200,-234969578.18189645,-389706676.9447348,266013723.08335412,589622389.4241127,0,0
210,-9401137.789586231,412587672.46824366,659279926.1476593,-98766463.43423922,0,0
220,44989929.87080047,-425695567.1799825,155138589.67516547,-676530403.5590707,0,0
230,-299541222.5465971,330016193.15757847,-552114818.7796686,-422659618.2474313,0,0
240,316149579.7791511,-242352943.91996494,-574957864.4739596,341888598.5459421,0,0
250,-445430698.41823,107326417.64005744,163545917.83016852,626179535.982944,0,0
260,390823877.05083275,97782349.86805516,660087672.1051635,3660715.5742240846,0,0
270,-408722972.719497,-161258633.46260557,241295604.1224561,-645880660.7345324,0,0
280,228351591.8495056,370766903.6752553,-495240086.702814,-491852103.2273963,0,0
290,-174158357.90863964,-366860918.90183425,-625225613.2904301,256675822.26881158,0,0
300,-32648268.397749163,456317552.5553187,57270395.64247518,646935006.0792623,0,0
310,172707909.99393088,-356998958.3201969,645555708.2946912,107447276.55882248,0,0
320,-276273188.98423326,353683875.2639568,323876760.4815259,-602145601.8774203,0,0
330,406243850.00307024,-120594962.40040356,-429416888.02952707,-551542578.5543771,0,0
340,-407326355.8937885,88300172.60071483,-661643506.1871139,167518639.52100503,0,0
350,421458653.08917487,166189554.51035327,-49679756.484534085,651604223.6872661,0,0
360,-315122295.1362462,-238266317.8310429,615317629.8645657,209818238.78614247,0,0
370,260153363.86957413,373641684.09778184,401188197.87944674,-545530945.1530224,0,0
380,-19025518.488970883,-411745538.7504325,-355642950.6595818,-600958621.5424829,0,0
390,-16151319.161286712,428310441.6240073,-684210665.5873399,76395646.66693515,0,0
400,276752650.4089774,-348804856.80901945,-154311936.39383125,640612109.8182425,0,0
410,-298553529.2736252,264134927.00178587,569635630.1540037,307793282.742952,0,0
420,437509927.2018558,-136238758.7984135,471355307.8512175,-476506287.2505412,0,0
430,-396320205.8010895,-70193375.76847997,-274922860.3934537,-639347089.8948072,0,0
440,419031526.966431,133793774.20992315,-693152840.4672619,-14960661.947440296,0,0
450,-252383495.7506427,-354206018.0277246,-253971216.5836626,614965529.8590525,0,0
460,199439097.54309458,354264261.45457935,509486950.1917781,398401271.0394604,0,0
470,2715921.400938168,-457350879.29350805,532366949.8017681,-395914839.7390101,0,0
480,-147070442.84203658,368105781.10694015,-188325915.95970103,-665944456.4470787,0,0
490,252532917.9532383,-371457221.97585493,-688822699.6894368,-105042937.36034465,0,0
500,-396592849.6365348,147726499.91640565,-346457044.29676104,576074244.2057629,0,0
510,400838215.17793286,-116141635.8421845,436552662.7254884,478927006.9001957,0,0
520,-431194651.4872163,-138033372.9855343,582174776.0193882,-305075193.3858656,0,0
530,331196054.82142437,215465347.8270406,-97054917.43066202,-679973841.5497319,0,0
540,-284231034.2157523,-355948823.5663113,-671629455.7450016,-192520011.51807404,0,0
550,47310763.153296135,408951473.11370015,-430055217.6190054,525565489.72109914,0,0
560,-12816251.572238341,-428970663.01270676,353099550.07293797,547136779.7319391,0,0
570,-252777551.8704605,366028680.0667915,618848312.013277,-205847855.4603708,0,0
580,279472741.72649395,-284640416.2742276,-2517791.22264304,-680673448.2133688,0,0
590,-427707220.20976186,164570221.22240716,-642000006.0195634,-276173609.8656115,0,0
600,399882750.00345093,42300603.01250444,-503501787.2681192,465127048.09955096,0,0
610,-427486614.6811662,-105685671.12890874,261778256.30204242,601431444.683263,0,0
620,275235322.8353238,336079666.4338054,640770681.8337858,-100636413.01922458,0,0
630,-223799234.8716819,-339940472.4366677,93608952.52249175,-667360182.7487199,0,0
640,27215100.20016046,456415096.96521354,-600370445.0530696,-354831566.46456677,0,0
650,120722967.34603652,-377387412.46230745,-565904898.7834889,396397115.08352983,0,0
660,-227657110.09452957,387626432.4051732,165385518.5568394,640898030.7772719,0,0
670,385127236.4592875,-174122689.74044842,646841164.2867117,7699125.824406557,0,0
680,-392455728.04869425,143490736.63100636,189339794.32332677,-639529089.9908849,0,0
690,439048496.77077484,109305951.38767457,-547205553.5730836,-427306126.40749943,0,0
700,-345631309.7591535,-191591177.97733384,-616649903.6907942,320904427.4435002,0,0
710,307097544.4680091,336704529.8834985,66643672.81826211,665262378.7346889,0,0
720,-75320768.79921424,-404219817.2903918,636637532.0347703,116018687.08103791,0,0
730,41780392.81535749,427671869.90361273,282380893.5592941,-596982587.8008025,0,0
740,227722824.6365677,-381612279.8086884,-483043474.3917872,-492344947.97890496,0,0
750,-258999843.59813425,303769049.75371903,-655307044.3510454,240052707.55694687,0,0
760,416064863.1313928,-192198207.90402168,-31963147.97774052,674771033.8480378,0,0
770,-401495039.8419496,-14239041.751577131,610493046.188471,221141770.80732387,0,0
780,434049216.710554,77059665.7034541,370189703.801952,-539973130.4287193,0,0
790,-296804619.63778687,-316470809.4948328,-408562076.8030757,-548602667.1894183,0,0
800,247121627.30024296,323957321.29809487,-681554018.6285421,155139529.41029182,0,0
810,-57015112.43516172,-453514633.95800245,-128279787.82919434,670041315.3170203,0,0
820,-93794788.85402322,384798655.87156135,569463843.4956586,320100473.8078325,0,0
830,201754568.70409593,-402119600.37076664,450104151.8060971,-469330982.89302295,0,0
840,-371901261.7848969,199661923.66153955,-324661518.4062235,-594641760.0748333,0,0
850,382216927.48033565,-170219160.19829538,-695120232.5687001,67399330.26377466,0,0
860,-444986663.97049373,-80133037.17886803,-220502374.30128914,651914618.1407804,0,0
870,358356976.9085347,166761125.95633578,515194990.32277644,410350120.13850594,0,0
880,-328653135.90861493,-315991991.7236306,519536035.1765016,-386540517.75871646,0,0
890,102922941.00286993,397574088.988858,-232553606.35950896,-628971773.442496,0,0
900,-70608784.43203585,-424418650.13662183,-695756253.3568996,-21938596.196279816,0,0
910,-201700183.0000229,395487537.3191988,-307148998.5878452,621336240.4599813,0,0
920,237234197.73926568,-321427197.3234006,449722468.2807169,489897137.38202447,0,0
930,-402633120.44133556,219003174.8054921,576201173.9964846,-293730938.6916865,0,0
940,401150018.26086235,-13855422.341710098,-133842813.52414726,-650134073.6083748,0,0
950,-438688791.17963386,-48043381.46008081,-683230500.6591042,-111585244.92058054,0,0
960,316994699.4068295,295469143.9176666,-386999005.58768743,579272438.3879967,0,0
970,-269294148.41578007,-306390469.63266814,375260835.66675,557331973.8384875,0,0
980,86554994.29250237,448662455.7669182,618339311.3233637,-193565059.16253006,0,0
990,66418083.175318554,-390303458.82613796,-30577594.29730279,-656833139.166198,0,0
1000,-174938598.84663102,414872209.32514083,-657354681.7987846,-200128225.23834714,0,0
1010,356977348.07049406,-224226502.16310334,-459018823.50350434,526666092.17751235,0,0
1020,-370168495.8114153,196201554.22184998,294019829.9424819,611781563.1974988,0,0
1030,448984015.66002613,50642345.107751325,644871278.341016,-89039207.29994166,0,0
1040,-369310365.812409,-141097186.96561664,74752865.7534433,-648103959.8331597,0,0
1050,348803767.76349986,293900786.89422786,-618038799.4246271,-285978511.22225785,0,0
1060,-129986548.4323428,-389046884.90052056,-522287850.28976554,464427236.95050883,0,0
1070,99169778.59968445,419224507.021122,208075216.7452518,652810964.2420573,0,0
1080,174825666.92964262,-407593907.81923103,655455885.3055995,16763908.471321858,0,0
1090,-214281412.60683033,337528409.8718718,179297640.2187205,-623489718.6789335,0,0
1100,387470016.95335084,-244869148.78577024,-565374571.8059124,-367339060.7601792,0,0
1110,-398850086.94704205,41846684.89541769,-575933846.0439898,393452810.14615417,0,0
1120,441383400.1733757,18766151.61564011,119300069.78434473,680305711.6489356,0,0
1130,-335715087.1120286,-273170705.7898584,650439249.1248795,120913862.75934204,0,0
1140,290210215.9797178,287323098.13804996,280005526.04528296,-583190070.5373595,0,0
1150,-115706748.67180412,-441880011.129144,-499741736.22361964,-442208921.917124,0,0
1160,-38727249.327845484,393875095.16052544,-619084642.9544144,314669759.4959619,0,0
1170,147326505.8896651,-425827410.1018993,29349190.458592854,694359676.3108271,0,0
1180,-340425812.74246114,247703185.30242485,630720397.5564506,220814883.01003763,0,0
1190,356365533.3352358,-221316108.50997567,373851756.7301734,-528136510.09542215,0,0
1200,-451023917.48813933,-20962999.25275451,-421924455.6507531,-508436657.44574565,0,0
1210,378437484.61704785,114725432.32605326,-650841871.6629797,229095731.66559887,0,0
1220,-367461523.9969778,-270526489.9129516,-60316846.519205324,695183765.9175481,0,0
1230,156383345.7949406,378679740.3102909,597575144.2310326,314307156.9446129,0,0
1240,-127332998.18983331,-412111785.1069086,458087747.9090953,-459964336.4449735,0,0
1250,-147219131.14584604,417878697.02907807,-333215845.93367344,-563832520.6626651,0,0
1260,190252821.7569399,-351993832.475248,-670282296.5453179,137910871.62491977,0,0
1270,-370641085.8936228,269684230.04770017,-148382297.12786093,683042655.2837934,0,0
1280,394607106.3366249,-69599082.11499561,552480762.3790674,399687938.9847265,0,0
1290,-442119797.91582865,10641559.738583788,530458530.01506823,-380879131.39270294,0,0
1300,352881937.43823075,249677444.30689812,-235480742.54007918,-606337559.8555024,0,0
1310,-309769292.0497874,-266845498.55028397,-676492312.0721302,42532164.80982579,0,0
1320,144344058.76653284,433197141.4187617,-233613826.73744085,658221463.7765192,0,0
1330,10858250.666758008,-395496301.40162593,496971910.74074656,475671056.36414975,0,0
1340,-119039077.2302844,434936264.7280097,589340144.6351948,-293447801.5313364,0,0
1350,322324554.73438746,-269983724.4201322,-131145734.72656465,-634230071.6586188,0,0
1360,-340871288.3302622,245445116.6032316,-668639875.6837565,-55321855.18786304,0,0
1370,451098316.7347665,-8775031.733804911,-314794952.4934839,621021690.6561574,0,0
1380,-385693302.8038849,-87775388.17616361,432542352.24304706,541309963.2787826,0,0
1390,384544993.2646055,245970253.8938819,633775046.8486058,-200364674.64168125,0,0
1400,-181988186.61367106,-366522945.8129514,-23096579.052287877,-646330758.9460754,0,0
1410,154969927.9007963,403111556.0217943,-646084120.5382644,-153592578.15018705,0,0
1420,119003716.38526523,-426297303.4610467,-390665605.36685205,571784785.146802,0,0
1430,-165264936.27339998,364752579.67215127,360593941.641852,595907451.304078,0,0
1440,352219084.5822602,-293341076.94977075,663414487.6078225,-104243309.94898058,0,0
1450,-388442349.505592,96978049.27070971,85512995.34031647,-642157239.8880565,0,0
1460,440893480.167475,-40048740.33407075,-608514898.5140992,-249888628.1750391,0,0
1470,-368418423.7940686,-225096767.77414748,-459874706.97838855,510941285.80611455,0,0
1480,327877352.93190455,245054632.64844587,282426670.95747536,638929122.5498348,0,0
1490,-172342837.48054865,-422651953.66441655,678398868.5083451,-7467928.601251289,0,0
1500,17052052.31699609,395159366.38586444,191508052.58971068,-621985286.9166998,0,0
1510,90200049.49667346,-442157955.3124459,-556102774.6812844,-341557238.6049806,0,0
1520,-302758705.0411854,290965372.14855796,-520954410.235816,439082393.1758313,0,0
1530,323756849.94038194,-268475516.7606711,199260636.33263195,669931492.8588499,0,0
1540,-449207783.4899636,38441503.74755526,679213741.4466281,87884348.87776741,0,0
1550,391041969.35323083,60379397.412224516,291941419.68626946,-586799311.6563507,0,0
1560,-399979620.4209662,-220338368.56907147,-489627581.2923735,-425828426.3554091,0,0
1570,206679622.86400354,352635321.84720206,-572325795.9465867,357048194.3611471,0,0
1580,-181954495.49748462,-392263465.0371264,112280732.04230408,688511002.7023108,0,0
1590,-90305305.13863406,432813425.2867876,666553087.8166275,180057732.6038937,0,0
1600,139438872.9103646,-375742071.0849176,384291056.57384896,-538147813.0822906,0,0
1610,-332283678.9459578,315737371.1095926,-410546850.9618131,-500022089.97157604,0,0
1620,380386410.0326133,-123850775.1572459,-612345997.2513512,266021983.27440956,0,0
1630,-437708694.7348762,69324413.72752142,22695812.76429534,694277651.3837358,0,0
1640,382255096.48740894,199541063.8297548,641209740.1301507,267585446.0457472,0,0
1650,-344447326.8294162,-222053660.5653426,466571580.79465324,-477945037.00606,0,0
1660,199581767.51807335,410290657.7043489,-320971529.8374716,-561784877.5192962,0,0
1670,-44866574.20028931,-392866173.6353226,-639403997.7557434,167613536.7876725,0,0
1680,-60935563.55760598,447459957.17456096,-68195347.33735591,686855944.2802585,0,0
1690,281820242.7593889,-310551368.2773262,604001461.6280679,349229703.94355106,0,0
1700,-305100805.47130185,290299409.9130268,537354249.6955571,-408267538.82603836,0,0
1710,445361514.2097992,-67906468.27276045,-223538172.1636575,-609306098.7733704,0,0
1720,-394456985.2899914,-32671968.06881042,-652064701.628257,63907698.45967741,0,0
1730,413698028.11078644,193741796.35211164,-158939484.44307148,665915446.9940891,0,0
1740,-230340488.57310924,-337083951.9484515,555733326.3288742,423910150.9047573,0,0
1750,208163640.59725362,379615539.18468785,595713572.0117486,-331184467.9184638,0,0
1760,61251964.19681826,-437399230.7771826,-121197983.43537447,-641461295.0794646,0,0
1770,-112899760.81561795,384908325.85298085,-649247562.6108396,-42547990.37411446,0,0
1780,310921098.2042582,-336776260.81954867,-247875668.5703585,631232357.370854,0,0
1790,-370479064.1452201,150086849.302102,497192956.4062915,490632904.33736,0,0
1800,432578413.15265983,-98338222.04355475,641130202.6868347,-248642018.31932327,0,0
1810,-394330208.3491687,-173127195.95288765,-16969446.956821546,-657851892.1339375,0,0
1820,359399497.2217024,197951440.7725734,-630409568.7046522,-148836761.19447482,0,0
1830,-225942829.81920075,-396167368.14443433,-333106218.9754975,582780916.5196891,0,0
1840,72448678.46533799,388628196.2212852,429173772.72047377,548428966.387854,0,0
1850,31373609.726499178,-450818175.5259161,673379320.5895302,-162405085.96880895,0,0
1860,-259607578.25911212,328651399.12067866,86290289.42553315,-658741201.2013212,0,0
1870,284988863.8340048,-310814552.26485753,-595689514.3534887,-251849683.96100095,0,0
1880,-439577297.5633309,97040842.85432702,-412506692.70922834,520848115.2432553,0,0
1890,395921329.78321415,4789111.441151075,352521247.19599617,596308820.2417873,0,0
1900,-425640307.07577574,-166295688.47255304,692426418.7599444,-74047909.35178156,0,0
1910,252858464.49821746,319943875.8475318,186052364.34806672,-644915568.8586202,0,0
1920,-233477868.4602915,-365223957.9267406,-545970275.7419,-348522824.5958875,0,0
1930,-31973376.449023418,440035491.45565623,-483789512.2973496,446156725.4966631,0,0
1940,85776129.83565465,-392206214.53209114,268196930.9444277,633239454.9237839,0,0
1950,-288223761.2168327,356366780.86065906,698343685.0535436,15019173.417221256,0,0
1960,358769087.69619495,-175558898.69267341,280202920.4976712,-617513019.8123585,0,0
1970,-425524263.7656189,126961004.88391244,-482833501.96625936,-436087214.47587526,0,0
1980,404590006.2143658,145975978.45402586,-544629802.8878313,359971703.2679197,0,0
1990,-372661870.1685222,-172862004.24268216,177353808.58577654,658150269.0870894,0,0
2000,251311818.05147702,380343871.93892574,691253135.8045263,103499832.98556949,0,0
2010,-99662849.58189923,-382466444.0877028,367054707.2381348,-577858693.5890832,0,0
2020,-1643465.5911798477,452217045.17691034,-408412220.10701674,-512275798.30221295,0,0
2030,236225105.30268675,-345182028.1381044,-592848475.7256166,264157600.4675651,0,0
2040,-263513447.01809102,329924820.35851693,81413731.14912018,669974247.2340896,0,0
2050,431881442.65135413,-125716978.51468086,671298366.6370167,190149827.2096491,0,0
2060,-395427539.21953493,23132326.711153336,445303294.717834,-527333261.5412303,0,0
2070,435754273.95727426,138118883.2847486,-325177458.4240351,-575444407.1161662,0,0
2080,-274126621.09714633,-301297743.73995507,-626628034.3039844,161155909.49184787,0,0
2090,257781786.33976158,349152787.54652673,-17866651.617793567,667729038.1819949,0,0
2100,2600264.4223197997,-440711677.27596515,638644784.1885037,273712180.8531448,0,0
2110,-58199283.477580674,397599667.34334534,513951784.6301391,-467285625.29727566,0,0
2120,264289876.1037034,-374424246.9066267,-235710612.28456926,-624592021.3254668,0,0
2130,-345314028.75485474,200143210.82976514,-644717868.3237658,53866064.139956295,0,0
2140,416576426.61361784,-155065371.84881413,-118359841.62270664,650637474.5659854,0,0
2150,-412988986.81655544,-118211632.26498352,593507474.5202403,352857567.5294861,0,0
2160,384170503.9157204,146904005.41765392,572224938.1742547,-398989912.1463422,0,0
2170,-275578836.9157286,-362889362.5713547,-142508642.56723073,-659294885.2974771,0,0
2180,126375359.93976325,374411364.05717826,-646578486.0989332,-54559335.73056198,0,0
2190,-28124871.07230436,-451649592.9035854,-217582488.20394027,618277584.9376836,0,0
2200,-211782724.0746741,360067095.6900279,536205307.0691222,426138230.0483318,0,0
2210,240773251.61095595,-347540646.5613893,619487885.4915843,-323640588.25763816,0,0
2220,-422308669.83899146,153809221.6469592,-47850433.81569805,-679587068.584381,0,0
2230,392977738.91418695,-50955338.52561471,-632425952.7449125,-160965800.15847537,0,0
2240,-443995695.5210818,-109333388.91367385,-312779614.0177245,570739104.7173293,0,0
2250,294043937.1088046,281235433.23272276,467238366.5173298,491965007.46193284,0,0
2260,-280964620.0553412,-331473680.57391363,655179131.1439879,-242377395.66742447,0,0
2270,26736191.925368823,439426013.3008458,46269008.02867894,-685823207.6412147,0,0
2280,30302659.642231785,-401061837.88705635,-603166464.4738982,-262439230.90308326,0,0
2290,-239223014.8449337,390870622.83713126,-401084139.25917673,508751028.4525552,0,0
2300,330179936.8113143,-223720340.0046422,387382418.14152277,548618386.1519588,0,0
2310,-405773490.6839365,182526266.1877616,678763823.1665131,-156331942.18606335,0,0
2320,419490115.8210255,89961223.90634999,138145756.28007457,-678551620.4827752,0,0
2330,-393869799.3935119,-120200152.67396115,-560243594.7805331,-356488719.3408016,0,0
2340,298638782.12277573,343880141.93901604,-479736633.1899243,433740126.3741233,0,0
2350,-152454928.2934126,-364502692.979399,297788395.7376062,594304373.7299231,0,0
2360,57801251.8499942,449117462.27339345,689711342.5325454,-66688465.915537134,0,0
2370,186395337.22510648,-373238085.9470639,226332242.06262094,-658414614.8120464,0,0
2380,-216872782.5015455,363579423.0870927,-505442074.01796055,-441142130.84995735,0,0
2390,410901964.60487485,-181194467.93114954,-546326502.1779605,347790507.696473,0,0
2400,-388583627.362705,78543426.58591056,200067504.93169105,627262235.3004485,0,0
2410,450328478.3666383,80063852.47825779,687500622.1721038,25248603.492872395,0,0
2420,-312515791.1481589,-259853630.6761172,309577972.5007194,-626082769.6657214,0,0
2430,302920708.5337636,312265541.7166507,-440694638.66396725,-514954642.7710073,0,0
2440,-55904940.59689426,-436185497.5207738,-599001200.6533868,253499912.99516073,0,0
2450,-2221182.299018383,402575221.65326524,96335953.16183348,645921731.3884821,0,0
2460,213131664.67334965,-405634859.38588154,671656278.3548503,117988791.41650218,0,0
2470,-313441049.8091819,246175693.75988838,386760232.3353239,-582223407.1156304,0,0
2480,393162274.250671,-209221517.13772026,-367926072.51721954,-576951044.5481664,0,0
2490,-424065008.8711257,-61354090.102633305,-636594633.5864823,153760237.52790004,0,0
2500,401712750.37882924,92876621.06334034,-10807953.704833768,649092316.2625082,0,0
2510,-320391799.9601262,-323399291.1827128,641817458.2485248,209802384.31213605,0,0
2520,177773366.41025242,352789264.7167179,456815757.0029997,-527500257.8272449,0,0
2530,-87255947.24315962,-444630900.8838025,-288950478.5799746,-626530767.3559097,0,0
2540,-160182321.16018006,384634459.11107534,-658649963.6047435,51512685.60670306,0,0
2550,191921861.0170976,-377965872.8174639,-118392632.05515239,636149562.2375724,0,0
2560,-397712394.9640529,207752705.8563647,597837989.4467338,298693998.75128335,0,0
2570,382266413.17625874,-105761273.3058427,518681661.5877133,-462600294.4181484,0,0
2580,-454724823.33621466,-50437018.166548915,-205422332.71260902,-663362352.313105,0,0
2590,329454423.8543124,237255378.7507683,-665344234.4557965,-50469007.19655339,0,0
2600,-323549974.184086,-291614161.8993045,-223265347.9057027,607172988.9586443,0,0
2610,84775643.55427471,431005879.6196714,539909923.7806386,382419271.99546385,0,0
2620,-25909392.68840576,-402131728.88573617,571252607.2278616,-388283501.68939996,0,0
2630,-186128758.18787894,418653202.6586921,-118832633.28134468,-687286659.0002108,0,0
2640,295179440.45503545,-267400096.5568092,-657347343.4942045,-149729907.72962976,0,0
2650,-378797609.1894285,235032378.53118145,-322337693.4529052,562993508.9980347,0,0
2660,426694073.6814879,32521250.63076724,468692924.42661273,458559722.9767083,0,0
2670,-407661152.27783674,-65062450.215655796,613361113.7466705,-305450791.58067733,0,0
2680,340743724.4256581,301536311.8615185,-30538103.487983763,-698240200.5712596,0,0
2690,-202206210.63355225,-339328771.91470903,-635656951.1188871,-244207001.07828802,0,0
2700,116360213.73638916,438208710.13112223,-412832965.59604,505130924.5981714,0,0
2710,133266974.97518149,-394203947.24360406,385421380.7807368,524662922.1566526,0,0
2720,-166035109.87353194,390632385.33285254,643788392.78669,-215223458.48387104,0,0
2730,382798893.19330865,-233367547.44115788,58188282.6532965,-696204040.337278,0,0
2740,-374056705.08844775,132475403.77741528,-601445015.3896723,-332232593.0443629,0,0
2750,457165343.9795458,20581176.520143278,-492480603.7797607,435634616.25882894,0,0
2760,-344779368.23053336,-213549592.38925332,291954714.2976439,578439174.1659573,0,0
2770,342758367.06212044,269611822.169037,661312908.3565365,-119024019.00346854,0,0
2780,-113219260.7100677,-423911600.6700315,146095479.22350046,-681180240.5657144,0,0
2790,53953134.356165774,399732711.58684564,-555938151.7516408,-412488146.35020816,0,0
2800,158331184.1982603,-429869471.19350195,-559620495.465212,356868481.8367242,0,0
2810,-275484623.45316565,287290327.7991724,190740585.55456135,617984911.7743196,0,0
2820,362742090.3017474,-259844051.35859674,664801463.8286635,-18643217.373386934,0,0
2830,-427366612.3947712,-3594812.009637423,231889797.16004914,-653196355.4802144,0,0
2840,411685768.71063066,36888930.29931821,-500340420.7905753,-483930910.8823189,0,0
2850,-359606490.0358678,-278386738.9718262,-613209466.3356993,271291663.2110106,0,0
2860,225633335.19754878,324187483.72152567,84679397.07683218,641985486.1051736,0,0
2870,-144986855.95133844,-429878157.7873945,653341268.3008056,83727148.6539514,0,0
2880,-105775949.50381435,401902812.17867464,314175698.03056365,-612337901.3148893,0,0
2890,139331417.38454193,-401519316.75203896,-435797552.6114943,-545712183.6702602,0,0
2900,-366228002.7320425,257926743.82447413,-652749070.3001325,181277814.22396544,0,0
2910,363994355.6580429,-158554838.79296213,-23092359.511227973,649846907.298556,0,0
2920,-457639148.59498215,9374392.714416653,626400335.5200634,185518079.72601894,0,0
2930,358417845.9890099,188850545.2444585,391410889.5122738,-558807995.260144,0,0
2940,-360458280.93616605,-246356869.3332196,-363396695.3489377,-597100681.8323172,0,0
2950,141108629.32127,414935693.91087186,-678167822.6422138,88995835.62733272,0,0
2960,-81774592.83340888,-395388944.6817025,-129455116.24108747,641722967.5056915,0,0
2970,-129859281.40052454,439235300.36501306,583989359.3329962,283881474.4802846,0,0
2980,254453125.5280759,-305749631.4691031,461886342.1533639,-493011328.0324127,0,0
2990,-345065790.8417901,283546188.0224337,-284194279.11224484,-637419851.1322993,0,0
3000,426080883.5896473,-25292635.26957605,-689691190.4037971,-3645043.1722002625,0,0
3010,-413766455.2694018,-8488979.01872626,-231539437.8817349,618435367.128723,0,0
3020,376898518.48395336,254051727.46391326,526786233.2075037,375865055.24959266,0,0
3030,-247939544.1738817,-307439920.8694452,523743319.6349761,-415655406.9052495,0,0
3040,173010781.44115552,419674853.8263396,-199264777.06611758,-666004961.8017365,0,0
3050,77838659.10517544,-407696064.15153456,-687724209.810833,-94996367.22473264,0,0
3060,-111933383.48641133,410575252.13618135,-326893386.830002,581315270.4700738,0,0
3070,348073591.29794323,-281322683.4338945,456182648.01149005,458643312.7025939,0,0
3080,-352128259.53143746,183871734.78031504,575038922.2320983,-327855281.99797595,0,0
3090,456143885.5177974,-39299981.76231076,-109763539.72486624,-682184511.944744,0,0
3100,-370305127.8510607,-163277329.09174567,-672760922.4597232,-183633779.64806348,0,0
3110,376568939.48393613,221953265.3206495,-413562904.5164782,532011391.9164705,0,0
3120,-168319036.20017573,-404119646.93250644,374226762.903872,529760379.18665045,0,0
3130,109239451.74376658,389120561.58429444,613866594.286604,-231219828.45967105,0,0
3140,100836317.03670216,-446710353.08256376,-16996460.10340584,-685290126.4594275,0,0
3150,-232188020.27010918,322688194.7869035,-645326082.275819,-268298429.87036952,0,0
3160,325845945.5641726,-306033376.1388183,-490090429.3327635,472308125.5789714,0,0
3170,-422844123.50897384,54008623.2770215,283464784.9962656,587329987.2091289,0,0
3180,413892240.0422837,-20003487.39918968,638526685.002184,-127891306.19663164,0,0
3190,-392545077.4690521,-228637613.98282626,77512539.0457184,-674698811.5483359,0,0
3200,269015139.0970799,289168489.7174535,-605949184.5301799,-347829549.11006606,0,0
3210,-200309545.77275243,-407642590.08423024,-555454233.424695,403983132.9560651,0,0
3220,-49586678.846485704,411557639.96768016,186715573.54506478,630147621.9485797,0,0
3230,83966750.15897632,-417757229.4128058,647725183.8821547,-20510487.01024405,0,0
3240,-328416531.38098204,303452870.541366,171968289.6192373,-649909844.4509796,0,0
3250,338516107.34347653,-208302007.50473765,-555168374.4403532,-421098233.09072345,0,0
3260,-452685751.4834698,69066017.63534495,-608976216.249474,328716563.74593496,0,0
3270,380384855.93261,136953288.6695782,86830933.67025995,657697351.9305172,0,0
3280,-391016751.00151175,-196510112.35172832,640761408.6767516,87908129.82141106,0,0
3290,194728780.1818012,391513225.759559,264281083.5036887,-610654387.008583,0,0
3300,-136215173.64899474,-380956944.62837404,-493561025.79417425,-486950425.0012749,0,0
3310,-71387952.7699351,452262495.8628001,-650222348.5952477,248050579.4687995,0,0
3320,208798430.0382647,-338023593.4340403,-13507947.929100633,670067178.740556,0,0
3330,-305166602.7590935,327205599.81033665,617656949.9276695,194182533.48507756,0,0
3340,417672526.2563135,-82421414.17448221,352090996.9490683,-557028157.0800476,0,0
3350,-412061360.6873142,48454186.21653839,-421797467.59349513,-544166400.199265,0,0
3360,406478610.09811515,202255455.70735478,-678912720.694914,163390410.95146453,0,0
3370,-288756459.37942696,-269463077.09805137,-111926373.97749299,667807909.8031336,0,0
3380,226763885.53113788,393833144.50607324,579186934.2539529,295214556.2977527,0,0
3390,21153129.88879084,-413470539.70201683,432855017.33709586,-489626639.99311,0,0
3400,-55559818.93559976,423030923.9275743,-340713370.5944904,-591444441.610554,0,0
3410,307344349.4558881,-324220382.0491605,-694851127.4127015,76035840.85652539,0,0
3420,-323224096.5787269,231725936.42311913,-206416753.73803416,651775476.8402495,0,0
3430,447279463.0501148,-98543624.13891241,526800954.28400373,388231911.46003294,0,0
3440,-388609326.4979431,-110005434.64754307,504002020.83366597,-409651472.91380847,0,0
3450,403735630.12537336,170141156.13651565,-251393840.1515106,-627417060.117851,0,0
3460,-220219722.28784722,-377174261.51101506,-697879156.9322529,-12767432.159443311,0,0
3470,162571635.3854813,370936571.0562379,-295335008.13646996,622988610.2223682,0,0
3480,41641700.08817831,-455867939.5036544,462454133.6497829,470968512.7603102,0,0
3490,-184398997.35236105,351681201.0306739,563142298.5767593,-318951784.98815787,0,0
3500,283118246.8844973,-346968676.3908259,-155257900.6405378,-650707722.7842064,0,0
3510,-410591182.90275073,110400605.9546049,-687857050.2600745,-101765645.6185878,0,0
3520,408281258.0569649,-76729100.18911818,-377352756.65222657,582520462.1964937,0,0
3530,-418639033.39873135,-175020548.25567555,388393039.5325962,541752328.8329463,0,0
3540,307066392.79099274,248420608.00525966,608296413.8820968,-219972026.6441959,0,0
3550,-252258236.9648464,-378306050.8759715,-54126272.957555905,-660032815.5178875,0,0
3560,7327944.082143933,413426921.12151945,-664672511.7022732,-189632166.62485003,0,0
3570,26842858.20509249,-426370792.93640804,-451385974.8802546,531430604.3250252,0,0
3580,-284950845.36735207,343534300.4740346,306946493.7861896,599499666.3971515,0,0
3590,306326600.9091034,-254028746.74004543,638092784.100094,-115600344.24419545,0,0
3600,-439948191.22096586,127605180.69042172,49749940.187353246,-654345761.4807901,0,0
3610,394939731.5809242,82563837.46219994,-628278169.3299565,-274908324.1010845,0,0
3620,-414667285.262082,-142964269.3513981,-516517024.1227807,470735785.9234099,0,0
3630,244677821.13386464,361168400.45426136,220359217.89648977,643638453.9289573,0,0
3640,-188181750.28613716,-359106815.4569133,651885061.1285602,-8942153.481260829,0,0
3650,-11726367.525055833,457511343.7510009,153723216.3292194,-633007434.3698614,0,0
3660,159109328.303571,-363594560.77667755,-578757384.2746148,-355959580.1533562,0,0
3670,-259797393.486924,365234666.92167777,-571922110.8933302,401413983.56811136,0,0
3680,401633979.6205323,-137817733.64606136,130686208.52914065,673993317.7907633,0,0
3690,-402568526.5773685,104695106.61901864,649761977.6204084,96931792.61301553,0,0
3700,428974004.62324,147051924.68984663,254862479.18898308,-595951900.6450288,0,0
3710,-323854853.44928354,-226144568.33235908,-516415461.7678685,-430958840.5274581,0,0
3720,276681238.0676922,361128335.06750274,-616812342.9905319,324435231.68387985,0,0
3730,-35722206.481755406,-411428151.2160556,39747643.94339372,690663057.45964,0,0
3740,2052496.950437978,427760179.5295746,632454868.0395108,199207487.16095048,0,0
3750,261335683.4919011,-361310121.1737175,350143119.59865445,-543805688.8570268,0,0
3760,-287905799.7512695,275101166.2904248,-441888139.76881516,-497910193.5513614,0,0
3770,430723459.56768787,-156124875.52410528,-650394290.9759176,240812888.9968333,0,0
3780,-399346358.1391776,-54761004.944907136,-50866929.96835095,693912288.6688671,0,0
3790,423761470.53182775,115100917.78922239,601176029.8900676,295479178.64012563,0,0
3800,-267993651.1053661,-343568818.47441274,436687273.60442233,-477920629.4769347,0,0
3810,212922074.26182926,345523709.7773998,-356251450.7681984,-554725087.5945545,0,0
3820,-18228497.886738032,-457185885.48330617,-671855149.7853965,151669042.6618263,0,0
3830,-133053410.74770132,373705717.29429185,-139760287.25077385,684089231.2204615,0,0
3840,235306158.2709264,-381922258.4760113,557432979.7727706,383815533.532046,0,0
3850,-390843455.16320246,164546863.17631498,512005607.23458517,-400299364.6536826,0,0
3860,394948821.78867686,-132220600.47445041,-261108297.31573576,-599356341.2468011,0,0
3870,-437439154.13636523,-118471837.78264305,-680377518.9141753,58306778.00429603,0,0
3880,339039224.89450544,202744495.08268064,-225669485.02530438,661574124.6874541,0,0
3890,-299926211.93591654,-342374219.0068231,502858482.3523141,462749821.2767945,0,0
3900,63895660.542893566,407484814.42254794,574185747.2622817,-313423881.7912323,0,0
3910,-30993849.61124455,-427191375.6663237,-158621350.19100702,-629981893.1108526,0,0
3920,-236603957.3986851,377470131.97710544,-675188410.6694521,-37720397.54704751,0,0
3930,268051269.96542788,-294839954.5453188,-307399892.4326511,626758370.6368983,0,0
3940,-419645006.3057551,183979250.9328822,439081243.4863382,531217423.0251838,0,0
3950,401808743.6328791,26731246.694445454,621987619.4951504,-220026944.44082338,0,0
3960,-430976201.2322593,-86675611.58569786,-51464820.58347142,-645211655.862537,0,0
3970,290062900.9610284,324455901.1077456,-655644989.6934283,-134555415.0960968,0,0
3980,-236673392.8952275,-330251662.21201336,-383760573.4102766,580052591.0051899,0,0
3990,48093172.567639686,454893290.10982937,367646161.4493962,588466791.9264504,0,0
4000,106359010.105928,-381965506.95596075,654835569.0461844,-122859884.39974889,0,0
4010,-209751802.23533264,396957116.82810944,57316571.03357779,-644274042.7147261,0,0
4020,378270618.1848646,-190465175.1661867,-621354321.6116359,-230018105.07968014,0,0
4030,-385456725.6517508,159176108.70072007,-453508902.0268531,521921195.92005014,0,0
4040,443998283.8413995,89405227.74002594,289981466.9356504,633965617.7559,0,0
4050,-352544766.0426622,-178335436.60554057,672726580.6940751,-24503211.40080172,0,0
4060,321891629.3591368,322124793.6578759,164526484.59928313,-627133702.2259588,0,0
4070,-91715282.15837134,-401616677.32921433,-572315273.194181,-321638188.8846548,0,0
4080,59848647.80940913,424665644.18753093,-515312180.51354414,452940568.75582594,0,0
4090,210865729.84913588,-391943763.49184746,207404195.8398649,667317098.0844128,0,0
4100,-246859541.80774555,313148401.1712481,676090865.6864036,72754244.6826103,0,0
4110,406760610.92541075,-211047738.20942712,267071521.82298175,-594505720.4298987,0,0
4120,-402315787.1157764,1389971.7449256554,-509058721.78807944,-406755663.4423584,0,0
4130,436277931.97368646,57815344.0052334,-567734841.8054624,373876540.08659095,0,0
4140,-310786850.5664888,-303916890.45768595,121153878.89594287,688195104.9355981,0,0
4150,259321286.7665171,313363136.47574747,665642384.5447978,166964607.43483716,0,0
4160,-77738319.33260626,-450643826.02358747,362195351.5235368,-547761137.4770118,0,0
4170,-79157045.75648457,388333805.1604024,-432751503.63848925,-482690806.00260055,0,0
4180,183246254.91550037,-410272207.9691892,-609260613.3228413,285773629.4749712,0,0
4190,-363974725.0826485,215453535.93003273,32445005.62197849,696302968.6235502,0,0
4200,374135570.41987306,-185434892.87101972,642247458.5161713,256511438.37197745,0,0
4210,-448623530.23113585,-59979177.66618046,447643760.9377746,-488750902.9446695,0,0
4220,364304977.9747611,153037385.58710688,-345226898.4556946,-546965386.9566109,0,0
4230,-342481548.6685528,-300467662.48263586,-638358264.2275583,190043309.02851117,0,0
4240,119049649.83857696,393852609.85316145,-57470049.37795364,691358549.0975819,0,0
4250,-88484790.47560988,-420193199.85682017,606826892.4920994,340060829.0659503,0,0
4260,-184235550.10113063,404667908.4772939,521736675.0301549,-419595233.85457224,0,0
4270,224433621.43231282,-329936791.72735375,-248916144.7178855,-597534562.6871504,0,0
4280,-392125886.13851565,237213179.984371,-653595282.9121677,88532078.41706367,0,0
4290,400865815.14474183,-29466681.757175773,-147235505.92115253,673107511.4312238,0,0
4300,-439641696.80274165,-28649020.332763284,560296338.1113983,416492065.05626553,0,0
4310,330072823.53756344,282045500.4831663,583351899.0126432,-342485838.69515836,0,0
4320,-280756672.3362547,-294938293.16787815,-146681542.9345789,-632976601.5239737,0,0
4330,107035548.88700828,444456262.1137902,-653794367.2988453,-16455080.928807005,0,0
4340,51580951.11902717,-392779729.23826844,-235332714.77077657,641366249.9371341,0,0
4350,-155905617.8679257,421808087.12919533,503542980.9550856,484823008.26852936,0,0
4360,348023019.23957896,-239397052.99359837,631845529.2233744,-259533916.06824642,0,0
4370,-361037222.06966025,210873537.39167523,-41582687.43723599,-652594476.6117256,0,0
4380,451295491.30348825,30322359.115676984,-638213148.6033386,-122200075.6349924,0,0
4390,-374261929.7281336,-126974687.66417411,-320037383.2124577,596094561.2505972,0,0
4400,361606030.9742117,277496556.95112157,437433652.1218471,544141074.21506,0,0
4410,-145769568.78429118,-384230463.0924428,666940752.3002467,-172677307.4703579,0,0
4420,116771229.80061527,413793149.66776055,63371638.71570537,-656409009.6737522,0,0
4430,156831950.57050654,-415587208.8108132,-606711969.2956842,-225700027.16606534,0,0
4440,-200882482.37727785,345122838.2808053,-399406592.1515424,537494788.7710961,0,0
4450,375804036.0336317,-262362337.74718702,362848744.41620713,593547527.9145086,0,0
4460,-397466602.0349472,57363068.441101454,688612811.6361902,-83644218.31919134,0,0
4470,441051210.8163244,-693120.6053697616,165432758.90896735,-645055898.5759001,0,0
4480,-347834613.71487767,-258941502.2471338,-559865585.0526108,-323871681.078688,0,0
4490,300876315.90234154,275064595.0688869,-471310075.149433,466127922.4693216,0,0
4500,-135857977.50348252,-436357788.49025095,280736375.36550134,632121221.3752736,0,0
4510,-23766020.566646643,395281795.903492,696989097.3571036,6037990.275624439,0,0
4520,127849650.57212782,-431513154.1303545,262247735.52635098,-619623254.2296872,0,0
4530,-330490432.70135325,262185612.53720978,-498980685.1434868,-413798799.9990746,0,0
4540,346221824.45575553,-235372520.59504706,-533518011.4384192,383028283.22701067,0,0
4550,-452003316.73747844,-564470.0990806222,192180891.35020745,658907544.6928885,0,0
4560,382366541.4767633,100275428.63064776,692274517.6260209,95003055.8352981,0,0
4570,-379181529.03942484,-253310925.7826887,351912464.85616744,-581473529.5926195,0,0
4580,171748686.086707,372796904.25958633,-426004495.5055009,-492970060.6626115,0,0
4590,-144578567.2859662,-405493392.83729386,-583849116.6912588,289789255.67633456,0,0
4600,-128776925.02482837,424654308.69908243,98478234.55677934,672938483.0162674,0,0
4610,176320528.65640852,-358632072.871239,674705976.5153179,181988127.24761194,0,0
4620,-357865581.50227964,286386382.3437286,432954823.9602487,-532085725.14620805,0,0
4630,392135344.2154967,-84944128.04820865,-343342345.7936659,-559454053.6361823,0,0
4640,-440498932.91789776,30080089.651193134,-620367110.7216127,188587895.7668463,0,0
4650,363992883.42715776,234710280.93692285,1207544.5301439464,673289088.7199435,0,0
4660,-319583318.19391274,-253836378.4494088,644536276.5132327,265768804.24895433,0,0
4670,164080778.41985434,426383900.7478351,504271269.7992172,-472938570.802113,0,0
4680,-4151253.5170715004,-395828032.3764311,-253628696.50980556,-611977754.4300088,0,0
4690,-99201241.07261154,439343874.0067304,-641593892.0471843,82122092.66571012,0,0
4700,311459251.5480952,-283714396.1715121,-97715996.75782776,659172899.6427003,0,0
4710,-329757505.55783457,258816766.0820855,602046324.1108254,345095624.9737117,0,0
4720,450744760.8776508,-29164332.00350506,565041172.0751197,-405440880.8765918,0,0
4730,-388578823.6887584,-73070803.35831052,-159504460.1527095,-649905497.4557683,0,0
4740,395131248.1350025,228015499.7325691,-646692317.6256484,-26546595.883908242,0,0
4750,-196864094.07947323,-359607209.31794363,-196026145.59493026,630072400.8195219,0,0
4760,171779640.80736607,395330481.0866363,547584011.4012288,418639935.230155,0,0
4770,100195390.54514816,-431830072.9426256,614638337.3714894,-330905541.9278607,0,0
4780,-150867032.16508636,370398201.9895892,-63442341.36237047,-673142148.4765373,0,0
4790,338388054.1035569,-309181365.38517547,-635570644.0966995,-134222669.53563192,0,0
4800,-384898588.66165113,112076322.90147212,-291148372.0321801,585890018.9073821,0,0
4810,437986089.56361854,-59380732.7209055,481627422.355265,484957525.26499915,0,0
4820,-378475531.70242935,-209462366.50111085,652552872.4792032,-250559012.94933367,0,0
4830,336787567.43819916,231354392.5373112,32359688.10567528,-681996916.2092141,0,0
4840,-191581724.648613,-414578248.22919226,-608879323.0989448,-237831654.8566519,0,0
4850,32033850.299107775,394416040.5633796,-380314402.146751,527092185.55594796,0,0
4860,70085863.64294493,-445264962.02713585,404868031.740508,542479617.9666983,0,0
4870,-291018746.33456665,303884374.62179494,678331310.094504,-165577233.1271496,0,0
4880,311720047.3256353,-281096171.8631771,126017474.1348467,-677042553.5337526,0,0
4890,-447526198.23973703,58734000.200038254,-567902724.3367019,-334644024.8877605,0,0
4900,392868071.0991828,45494469.594956376,-460747156.28882724,454808918.1822945,0,0
4910,-409385477.36321396,-201719833.81342733,318305561.8567458,589541630.1822996,0,0
4920,220996918.92680442,344725014.1418191,691539667.2387924,-77139499.7321398,0,0
4930,-198250100.06680346,-383349439.986554,215946181.0393376,-658994509.4324945,0,0
4940,-71214635.59082578,437083769.2007712,-514378591.0519791,-422424299.2939112,0,0
4950,124645547.2690983,-380363420.4066041,-529892085.0411446,370851623.9144042,0,0
4960,-317455659.69989675,330648669.5257777,223340027.64409554,624458842.4707365,0,0
4970,375792115.61572236,-138628230.52695948,691752618.2655063,13507353.156289093,0,0
4980,-433522659.4989804,88464315.77126384,300810685.4288368,-628622743.2373198,0,0
4990,391218030.6417128,183312939.96043587,-450293041.9220723,-499488167.09561783,0,0
5000,-352406158.80129063,-207725309.50692248,-585649448.9861863,277627757.53583217,0,0
5010,218241720.8152356,400992446.92024857,121839438.84551013,645652563.377409,0,0
5020,-59744893.28159475,-391053013.8959652,678571474.4982829,104982250.27145553,0,0
5030,-40631025.88376081,449249532.3730211,379458120.854761,-586699663.5869633,0,0
5040,269264769.18418986,-322602775.92533875,-377695138.37293524,-564677365.4007593,0,0
5050,-292192520.80452716,302106114.91225976,-626553722.6533076,177959998.1380036,0,0
5060,442362601.4025783,-88015167.85070997,16156767.31310656,651819073.3716253,0,0
5070,-395213010.55592495,-17681889.88728361,651673127.7494793,195709827.51926386,0,0
5080,421881890.06193143,174537828.93238634,450846159.9397265,-533982231.74094456,0,0
5090,-244032891.59538674,-328222025.2124465,-298558935.1024027,-617278627.7883611,0,0
5100,223868967.8960492,369603552.3050119,-651858477.4049029,74847803.72235844,0,0
5110,41963756.53620033,-440393213.36429095,-90928119.4887483,642117593.758276,0,0
5120,-97783305.50008675,388478682.9239927,610890328.5092883,283878778.25310886,0,0
5130,295158913.2887779,-350695435.70731574,513976957.18324745,-471223988.86354053,0,0
5140,-364860776.02286446,164471183.82383782,-214702472.01403323,-656916813.4381406,0,0
5150,427127319.66456914,-117201106.7813429,-661513879.7797477,-28774301.05410219,0,0
5160,-402163728.3493871,-156381317.50192198,-196352671.89999098,616337972.7739733,0,0
5170,366363778.342318,183061207.42681327,556319431.1636152,367433107.14298075,0,0
5180,-243945321.75965673,-385685857.7430202,567844227.637048,-399212253.48357064,0,0
5190,87148322.96973607,385755706.68244445,-127759372.42817226,-683447183.9619929,0,0
5200,10965707.660172924,-451279209.9014251,-656055485.0380522,-130231989.96827343,0,0
5210,-246299319.26760754,339783525.87652344,-296989323.34656847,575002509.6491585,0,0
5220,271264888.3812502,-321747928.87848896,488444330.0144234,444111875.1424022,0,0
5230,-435277481.31876904,116879716.34382373,611399943.478011,-318825627.71663725,0,0
5240,395601902.02809536,-10230335.020981736,-39191679.168720186,-696863296.7090315,0,0
5250,-432565812.0092991,-146587235.0522191,-636443102.9442304,-227231218.0290654,0,0
5260,265862898.37175155,310177691.0991774,-389897486.9948861,519366978.4111314,0,0
5270,-248519184.88794118,-354154104.48354846,408255408.0520797,511549571.48603135,0,0
5280,-12573085.173174366,441744877.28986394,643547194.9238646,-231106158.0086432,0,0
5290,70410593.44299479,-394703932.80199575,49669066.735282086,-697229220.0642086,0,0
5300,-271594246.6256342,369234965.5088821,-603891530.9556539,-317899491.21700287,0,0
5310,352158284.359192,-189479899.0478948,-472554859.40270936,451313116.9809041,0,0
5320,-418827352.6192317,145462952.15286592,317333039.9154365,567438653.1486616,0,0
5330,411264116.9229453,128790414.63821727,663166014.1235763,-137338273.7613335,0,0
5340,-378593049.7511739,-157479028.77649164,137564224.74973956,-684639503.3981508,0,0
5350,268581235.6298166,368725331.1832211,-559724916.0829211,-400763239.11560184,0,0
5360,-114109566.01356634,-378550356.0679927,-543017527.2924087,373157626.96525407,0,0
5370,18780205.653122783,451344204.5742894,217862197.51373178,609737884.1024172,0,0
5380,222230078.56160748,-355347658.5628392,669178092.7320077,-39122727.54244048,0,0
5390,-249033575.1199738,339929352.8548677,223243645.4875958,-659207578.288499,0,0
5400,426302790.23342097,-145201338.03774625,-505271685.2512603,-474684213.4725492,0,0
5410,-394032592.32109284,38105137.99614571,-599981989.8148674,287425471.61997473,0,0
5420,441390456.3263344,117989137.9979539,112553964.62588781,636889684.471471,0,0
5430,-286383508.24838924,-290678836.11999923,660652703.397506,61571211.68770234,0,0
5440,272088135.0019768,337070097.4988005,305402784.3091705,-621082198.6866782,0,0
5450,-16826390.362491608,-441133958.3256606,-441804099.7900077,-538777233.6468678,0,0
5460,-42660116.88534147,399008285.87845004,-642752741.1614836,196638377.77317613,0,0
5470,246863590.29279673,-386187096.907644,4472797.048659734,647996527.74775,0,0
5480,-337746967.7278115,213533088.5143351,636948315.1889603,162396173.3703905,0,0
5490,408658515.9918013,-173123845.03888047,382629491.7563495,-570491040.6711442,0,0
5500,-418479064.1845211,-100666192.75028872,-370518414.89349836,-592326633.5435604,0,0
5510,389034842.37469065,131100017.18849242,-671142328.5446489,103155091.92074451,0,0
5520,-292042809.31557757,-350184919.3077001,-103201827.16269259,642910361.0700045,0,0
5530,140496197.48746794,369472556.93870705,597872267.2905508,260680416.20778924,0,0
5540,-48476493.16549484,-449443348.3037888,453369629.765697,-507809549.2977322,0,0
5550,-197169919.92331952,369223694.9692026,-292548119.2719794,-634713090.0607848,0,0
5560,225601011.30399233,-356564949.2311733,-685339580.7496709,9078340.488025658,0,0
5570,-415478787.5688449,172856091.9934058,-207427973.2964927,622212203.9687343,0,0
5580,390512521.27553684,-65805659.114707604,543827217.0688187,353557276.39055824,0,0
5590,-448317124.0822589,-88867432.16343449,515922203.5257186,-433650508.55634785,0,0
5600,305497474.52202755,269819257.8215539,-209002149.79354674,-665358138.6297842,0,0
5610,-294468149.80360836,-318427923.55419314,-685777677.6704644,-83775178.73419395,0,0
5620,46103608.6591114,438564410.2140404,-305513028.05754197,587092072.9985679,0,0
5630,14666354.444350176,-401370169.5856432,475904256.0502372,438164582.73232,0,0
5640,-221073932.0362169,401478551.8127995,568475469.9573886,-348964908.3297289,0,0
5650,321697472.35318655,-236514054.9119597,-121020546.43012068,-683691163.4924356,0,0
5660,-396664874.6451133,200060483.08785248,-673023300.9273545,-173856106.5747282,0,0
5670,423777007.96948415,72137090.48385338,-395246613.8984448,539166519.4357986,0,0
5680,-397638539.1906883,-104049135.22041199,395886379.254465,511884164.6164389,0,0
5690,314228494.09369224,330145556.3959472,609193463.5439173,-255137610.02629727,0,0
5700,-166178592.94485366,-358567090.35520244,-29840377.637307025,-689142651.3490124,0,0
5710,77993169.20804922,445584094.12168974,-647697319.8680851,-259832374.64146242,0,0
5720,171236389.66716337,-381347987.75810766,-474943989.2073859,480281136.7439009,0,0
5730,-201075148.41310638,371576488.8236661,306146207.1203847,572571751.617124,0,0
5740,402853869.2879397,-199722950.0810601,636355306.235675,-154053791.89821467,0,0
5750,-385058680.4776768,93195917.69754988,63135913.943634674,-681167206.2187701,0,0
5760,453315369.78266656,59348281.375648454,-610429584.1490265,-340523421.6241816,0,0
5770,-323114208.11967874,-247699290.05646008,-543413675.77153,412338022.1664265,0,0
5780,315556989.17100006,298311010.1630406,209453036.25784844,618723886.6677963,0,0
5790,-75128019.55427018,-434048935.1310049,648536396.9756299,-48108029.56016313,0,0
5800,13435096.149405606,401777416.32655287,156279645.99759746,-659299147.0781695,0,0
5810,194336853.2414469,-415043253.9012797,-561846024.3285699,-414830899.5705969,0,0
5820,-304088428.7928467,258311264.26618272,-599876112.8697882,337171355.29085034,0,0
5830,382898596.3865364,-226152813.20301476,108732501.1303858,649545710.2986226,0,0
5840,-427135111.9691269,-43333442.493199915,644803185.326625,59867682.46843323,0,0
5850,404362263.62233245,76454465.98267251,247695530.78945035,-623241165.9061635,0,0
5860,-335042289.4827883,-308694709.51408803,-502584538.6322585,-481675052.8432516,0,0
5870,191030566.99061352,345887706.3263474,-643861477.8448386,256477261.39842826,0,0
5880,-107201052.36418948,-439782477.74359363,6833547.04008349,664914270.2359211,0,0
5890,-144551166.93493736,391665030.4936735,624878404.3091952,166764120.34284538,0,0
5900,175568950.8653426,-384893301.6396399,335217820.2090543,-572981282.7567663,0,0
5910,-388484361.4030415,225684331.0749932,-433335742.33453465,-539944174.8520206,0,0
5920,377697524.7440755,-120141479.41702157,-675108946.61986,171792437.62393162,0,0
5930,-456363131.0571884,-29559570.23761113,-93651988.2590881,665261368.8181974,0,0
5940,339150220.26804,224425333.6210988,589230831.8377177,269424192.8332921,0,0
5950,-335258296.39307857,-276809433.3266465,416459523.3407699,-508924660.5892942,0,0
5960,103770167.5404099,427608936.78347,-354904317.54296994,-588464121.3249731,0,0
5970,-41508175.88339132,-400227310.8850314,-693481713.4375092,84510588.1743238,0,0
5980,-166768045.5299034,426822615.38742536,-190494517.65916136,651415627.5232378,0,0
5990,285006077.4048174,-278818894.6548479,539059112.8609545,364896826.9631401,0,0
6000,-367419712.21511513,251284560.95595714,488926259.15411973,-432015985.44085157,0,0
6010,428539382.27980846,14386888.122154742,-268285407.95075288,-625995293.0691787,0,0
6020,-409173064.26603884,-48446601.540518634,-698905354.4226627,-4075173.693772495,0,0
6030,354394163.3639821,285926000.51037365,-281857417.5296763,624442793.9848734,0,0
6040,-214929995.1320436,-331496861.9795494,476169442.98201275,450659179.9902957,0,0
6050,135972330.31673938,432063041.7579817,550193345.7700794,-343819116.971021,0,0
6060,117239502.30328588,-400127729.7152714,-174747571.66340572,-651264811.0405167,0,0
6070,-149199865.9749755,396452591.78202987,-691332799.9988745,-92714497.38860454,0,0
6080,372434278.46474785,-250626620.37305462,-366269735.09285975,585511993.4524297,0,0
6090,-368464836.88969827,146510115.12097764,402778606.0885626,524760870.7436213,0,0
6100,457446822.0131794,-369651.6665522456,598124767.2508857,-246519972.1204505,0,0
6110,-353529532.23931766,-200109356.61432236,-75909119.67465809,-663040319.7837734,0,0
6120,353482025.6817447,254019501.66522554,-670737064.446037,-180135465.04759035,0,0
6130,-131902271.43518081,-419274434.666194,-442562901.8047465,535801590.49998176,0,0
6140,69417023.1357685,396726591.77687824,321292016.5237295,585870375.9509639,0,0
6150,138486809.57185662,-436765791.47950536,631092262.1595893,-142831662.72153455,0,0
6160,-264543855.84175873,297937357.8678241,26210859.268843293,-660247200.0042468,0,0
6170,350295842.26168877,-275343742.3457309,-637132097.5342479,-264981871.001532,0,0
6180,-427984743.9878338,14570227.308332711,-509791796.24196166,476447084.72013915,0,0
6190,412047056.814925,20158021.07005758,234104650.30427328,633233061.7225988,0,0
6200,-372200446.52621764,-261938801.03876534,648142774.4263383,-35807209.29420842,0,0
6210,237759415.76295364,315465416.416775,129189409.51001981,-642121592.1281898,0,0
6220,-164181118.06897727,-422458722.83410794,-590621585.3243003,-345760649.8309766,0,0
6230,-89429638.17302969,406697638.44191104,-567155626.8706329,408526861.59654564,0,0
6240,122089274.65560552,-406199715.185697,143456078.72935122,666569849.4178641,0,0
6250,-354775048.01275855,274440673.053208,649071576.6268804,71404919.64716755,0,0
6260,357405546.5256827,-172172448.09448683,230265581.476986,-608378014.649705,0,0
6270,-456561389.88611305,30309730.320985943,-531474106.8124547,-420809514.60818875,0,0
6280,366184050.0849912,174868366.80182683,-613929116.0231867,333078978.793425,0,0
6290,-370144840.29336953,-230043313.45070377,51349959.23711554,685950739.0770204,0,0
6300,159398797.76322684,409083939.7423812,634385421.7393919,175808258.22149718,0,0
6310,-97026629.99639975,-391291406.68289953,326485318.249754,-559356414.6531482,0,0
6320,-109615538.23049662,444829901.4425299,-460219711.69149965,-488296695.34375197,0,0
6330,242801950.49131912,-315573791.38455385,-649410893.8560826,251141849.38346836,0,0
6340,-331601888.69617236,298223155.7360769,-40467937.020622596,691671696.6174575,0,0
6350,425475077.2984076,-43405455.95050021,605172927.3061821,274756455.08367753,0,0
6360,-412969522.6807548,8277538.272341862,414914491.0063028,-496106638.795088,0,0
6370,388384199.9245491,236837802.30534828,-377757091.74449545,-546265233.8309596,0,0
6380,-259406609.26198924,-297872283.7500394,-672894156.5589048,163812083.46709764,0,0
6390,191704007.15671614,411010702.4926123,-130487495.6342843,684153160.813053,0,0
6400,61252213.55800483,-411345149.86508846,562922637.5392306,366070171.7346132,0,0
6410,-94361925.45348093,414088419.0603399,492884285.3337067,-420376194.3163845,0,0
6420,335585202.11215514,-297022298.0508558,-285452510.0987556,-592731300.2699163,0,0
6430,-344573503.85973525,197002586.54857457,-683664069.6337533,72312672.47921799,0,0
6440,453710334.768842,-60130970.17916393,-217383904.34359768,663868796.9775839,0,0
6450,-377053902.415243,-148823858.42937303,509334524.8874372,448068082.96164155,0,0
6460,385170479.56987286,204988288.61732358,558215951.8709315,-334491466.9425741,0,0
6470,-186137025.27249038,-397084291.9892621,-185203882.07483122,-625837143.0051739,0,0
6480,124203493.00373489,383947222.32833475,-681026241.0793595,-21936584.87125253,0,0
6490,80279186.28000623,-450980215.2989155,-299953266.15874195,631306497.6438262,0,0
6500,-219886814.0295504,331642518.12020636,446160552.72555786,519528743.46341115,0,0
6510,311419697.0515157,-319820851.82821584,609373454.15037,-241154837.93976605,0,0
6520,-421023212.8975212,71986852.84746838,-79440461.32568046,-644043979.4781247,0,0
6530,411934964.0088599,-36725714.71126803,-664369680.9339725,-117257232.30328633,0,0
6540,-402875553.0147004,-210732561.39194372,-377045242.0059793,586960155.3655065,0,0
6550,279765151.247323,278804046.0602515,375093092.3269091,579609871.5751742,0,0
6560,-218420603.4602567,-397768222.15048546,645514290.3872418,-143205237.76925302,0,0
6570,-32839656.032732025,414049650.1551366,28964116.922587156,-646331766.6967899,0,0
6580,66145354.601233736,-420081042.07647175,-633264627.8065344,-211673360.56273392,0,0
6590,-314950037.26428145,318272721.2891469,-447501362.82652915,531349440.96281713,0,0
6600,330031209.7109548,-220878738.17788535,297704697.20763826,627751010.7263885,0,0
6610,-448905692.3592612,89704196.98337895,666440367.3379844,-43395751.62621442,0,0
6620,386087739.44793844,122101236.07777408,136867696.84696382,-632359473.3136933,0,0
6630,-398490093.35984486,-178966677.92673656,-587589227.7711312,-302913426.93057334,0,0
6640,211997598.06022877,383330460.41432005,-510106513.6632788,465064449.2242665,0,0
6650,-150816255.15980783,-374728689.39558333,215433005.4181004,663579339.1711892,0,0
6660,-50604728.93952423,455190305.36739856,672477109.9687973,55771541.166263655,0,0
6670,195910651.36977613,-346065471.60527945,241098699.03606975,-602540841.7654967,0,0
6680,-289837687.5031551,340040579.70035166,-527669044.7045158,-388470011.6267768,0,0
6690,414650886.4142134,-100183580.61545849,-563561198.3783903,388831443.8010318,0,0
6700,-408947115.0054674,65052156.47625243,129600437.77910058,686831131.1375148,0,0
6710,415612011.6933293,183737026.05244216,664320270.6400013,152136594.81732038,0,0
6720,-298734937.226099,-258354528.1859181,338709082.932103,-558010834.6489775,0,0
6730,244214051.3421538,382788363.2857488,-454401743.4751718,-465727939.78698003,0,0
6740,4325563.607128426,-414799629.50600183,-606482951.1187664,303594075.6997066,0,0
6750,-37569294.77846025,424148674.5395286,41457993.60460294,697295627.4747428,0,0
6760,292961244.0946438,-338099025.7143454,642886245.330522,243902792.95056075,0,0
6770,-313849503.15589064,243683803.76721972,427185275.6312071,-500490278.23072696,0,0
6780,442167979.82374936,-118901318.10139146,-369331065.7492742,-532155700.583261,0,0
6790,-393242991.7405455,-94829218.2595901,-637445538.7095606,210600742.9427169,0,0
6800,410042542.4329375,152095051.5543049,-47756338.27842165,694784603.6780212,0,0
6810,-236865064.8060634,-367885306.3228396,609189753.6392981,329605933.9054396,0,0
6820,176736336.09503537,363679463.2821416,504576029.91416943,-432085624.6941967,0,0
6830,20720611.572105207,-457442161.9711961,-274636352.188315,-585533398.1026832,0,0
6840,-170990876.52436322,358772584.3742901,-655062732.0187334,111483260.68500412,0,0
6850,266950457.81582972,-358792206.9858,-136752847.5971465,679129348.4289423,0,0
6860,-406388652.0449785,127866510.58667144,564259778.3021377,408051601.19052243,0,0
6870,404018909.6930391,-93123154.6384162,569524337.1899928,-355073924.35745144,0,0
6880,-426538734.45797676,-155969040.03682226,-173020962.51878315,-624170938.7809389,0,0
6890,316222675.9586116,236624336.4929749,-658117521.6407701,8306024.50980556,0,0
6900,-268971541.8376345,-366135793.73530984,-224127108.61065814,650206192.9278905,0,0
6910,24155920.573243596,413592750.7248117,509095006.9776161,478239341.59424317,0,0
6920,8765075.360262401,-426271277.96219844,621217737.5881344,-271717032.0312774,0,0
6930,-269716508.3862069,356414566.24710935,-67511939.02979007,-647064169.5288982,0,0
6940,296107208.4531198,-265305946.9013081,-645726566.905736,-96438594.93452641,0,0
6950,-433526105.03207904,147595877.96219665,-308307816.7503471,607991071.8948622,0,0
6960,398486087.2005428,67139223.58961499,444654691.4541024,539287467.0308777,0,0
6970,-419774663.65676266,-124493769.44698861,659287064.7190851,-184131011.23304507,0,0
6980,260628401.67773542,350819310.7759233,38787848.71712227,-653950944.3809444,0,0
6990,-201838547.3715281,-350851981.72265184,-617514676.1967514,-199909418.05091864,0,0
7000,9243807.118879333,457726272.8130801,-387526581.5554894,552641699.1770927,0,0
7010,145249542.98806635,-369702137.5670078,371878878.52844036,590368011.5829512,0,0
7020,-242858359.74201193,375992112.4400871,683685847.6974643,-94217146.6574862,0,0
7030,396275755.57676995,-154908817.68928894,142939535.6940797,-645259064.3742853,0,0
7040,-397172406.42169553,120806271.21324515,-573760400.2390991,-299077032.22878456,0,0
7050,435608775.5684936,127549831.02823122,-459822844.540645,484601757.67174673,0,0
7060,-332142349.0694142,-213720363.91987196,291731792.98983335,630658553.0476099,0,0
7070,292584802.7500713,347882481.2619841,694575770.4843391,-3647061.1388261467,0,0
7080,-52470737.81475383,-410435874.87503374,242351618.61557323,-621969518.7528112,0,0
7090,20134983.097380683,426437763.65124446,-515469696.9957552,-390949172.4480419,0,0
7100,245319085.11997727,-373139357.7983054,-523097278.61737543,404714533.3843676,0,0
7110,-276890743.07175654,285639137.00409484,205262320.2313558,659316354.8647987,0,0
7120,423017239.5691452,-175663606.23090708,692233831.529121,86112032.04211989,0,0
7130,-401792625.1747355,-39164742.42987987,334881351.19473594,-585437281.267812,0,0
7140,427641498.87216777,96286435.85855493,-444346993.1672,-472819420.69123113,0,0
7150,-283181516.53433985,-332210267.3372149,-575222794.7831484,314324524.5467471,0,0
7160,226001689.97952905,336307200.5012679,113674976.56016688,675480079.3123844,0,0
7170,-39158816.003682874,-456041665.6583399,676988397.1809515,173746698.40312457,0,0
7180,-118812750.43173954,378801069.90444946,418854735.73049796,-537212910.354863,0,0
7190,217667050.78930873,-391563549.236775,-362660854.0442013,-542484158.0672759,0,0
7200,-384359967.2348938,181186566.31200665,-614211406.2362193,215337828.09407663,0,0
7210,388438669.66130316,-147970959.57966805,18402827.124854833,678304233.5775056,0,0
7220,-442783294.11009157,-98603483.38672411,649185847.4836612,258033965.8070309,0,0
7230,346415634.57922477,189755263.78909168,493023957.5819315,-478896121.9927074,0,0
7240,-314950568.55283177,-328107375.6757611,-273033658.26601034,-598379636.3052177,0,0
7250,80485544.78697644,405345043.6773751,-638417904.6323898,110210869.09507239,0,0
7260,-48998177.33212587,-424646030.10004306,-78829593.79077306,667030262.966682,0,0
7270,-219877347.33704814,388200434.57946575,609186789.2630831,337775410.67352843,0,0
7280,256293688.86707562,-304583663.0344151,556487988.8677244,-412036242.3806354,0,0
7290,-410686656.0904979,202982956.35288286,-178205712.9835596,-639616454.6965891,0,0
7300,403147506.6126106,11040697.042770192,-646742484.7058488,1847629.74595581,0,0
7310,-433606486.5520635,-67599340.56336877,-175969470.39998174,641094322.9928613,0,0
7320,304423732.101829,312142941.3849596,557389844.7270422,411736929.16751856,0,0
7330,-249109131.1641508,-320114288.69422024,608600063.668869,-338080969.1477976,0,0
7340,68894914.12482029,452395914.12792325,-80825048.16429359,-665919934.7289413,0,0
7350,91810030.63872153,-386025244.4055556,-638783510.4265392,-106591142.31656149,0,0
7360,-191487023.39204627,405436977.45932513,-270644111.9394188,600264058.5856185,0,0
7370,370697374.9814351,-206579284.4143594,494280610.53659,478601953.87340117,0,0
7380,-377857609.80836064,174489174.30110958,648879528.1009073,-258366899.79905632,0,0
7390,448031728.0043739,69256397.97683331,16702442.093849495,-677507531.6422122,0,0
7400,-358972292.2151936,-164846895.05110016,-614897703.5201988,-211934454.61677724,0,0
7410,335971028.0879487,306896060.93411344,-360232343.387704,544785358.6972374,0,0
7420,-108068342.77361101,-398345418.5818129,420502396.5123584,536946485.5616819,0,0
7430,77692030.01750907,420902959.1737697,676939069.3851842,-174142258.39223102,0,0
7440,193504311.73840907,-401532179.0721457,112290882.61688457,-674941594.1663377,0,0
7450,-234416328.61144257,322046615.3496881,-576149594.0230665,-311250314.1874258,0,0
7460,396587530.733305,-229435632.17473304,-442007514.458154,475507912.360002,0,0
7470,-402545019.5208697,17097206.688894212,336942857.9545723,585245338.376602,0,0
7480,437641615.5174805,38560889.254708715,692433514.2641984,-86612227.4726133,0,0
7490,-324260245.918821,-290708697.3888445,204187666.53738734,-658989830.3005209,0,0
7500,271049357.884888,302350285.04998255,-524165255.7504584,-402043565.45484024,0,0
7510,-98323372.60050583,-446805106.559035,-513342661.6511795,393951544.75122523,0,0
7520,-64373715.66641075,391339671.44236344,244826082.3276403,621919132.8093452,0,0
7530,164433113.55749953,-417550364.4343388,695033669.7307881,3001664.1577188373,0,0
7540,-355352139.0407531,230970523.25001317,290939495.1910701,-630513811.1111052,0,0
7550,365477781.91747516,-200235967.57272646,-460931438.3320359,-482367336.3181595,0,0
7560,-451331932.17659706,-39636741.355372846,-571945423.0765717,302280918.70473444,0,0
7570,369750508.58599854,139117741.7195646,145793371.03104615,645428935.2151221,0,0
7580,-355554248.1850893,-284340378.7423446,684427562.2676629,93395918.49904333,0,0
7590,135089102.3074951,389471176.61944455,371330597.42419565,-590394131.4796548,0,0
7600,-106084895.81918976,-415224371.2589688,-388589306.2721556,-550841836.0456831,0,0
7610,-166317143.03430215,413076619.1497603,-616072583.9290088,203177351.56805056,0,0
7620,211365150.2549528,-337942333.4131583,41949657.68088884,654418067.332933,0,0
7630,-380780711.4420755,254907100.3891338,660351000.2911901,183121385.6519742,0,0
7640,399988879.13534707,-45113132.83766908,444309738.367439,-539492678.1375844,0,0
7650,-439727540.1400996,-9301025.697893515,-309262385.2766333,-606598683.3285992,0,0
7660,342602564.9117224,268005095.72198415,-644672850.1617308,99627356.86316362,0,0
7670,-291716504.2904074,-283099717.31669194,-64150104.05511683,647887711.118155,0,0
7680,127316793.39554399,439293778.0465701,622648526.8750228,270531341.8664409,0,0
7690,36638291.38941141,-394718686.92016375,508918409.65152806,-478648210.7738354,0,0
7700,-136623991.2063639,427849451.6438704,-224939720.35255945,-649180930.6758274,0,0
7710,338396208.64883673,-254248400.0385751,-657425644.1086503,-5325797.453864299,0,0
7720,-351356144.47641176,225090069.50410822,-169594452.91358972,625376807.6680894,0,0
7730,452670280.2194964,9873886.725644015,571363349.4184175,353753669.6451892,0,0
7740,-378697200.468616,-112694309.46146205,564229010.7449207,-408700022.5748607,0,0
7750,373614571.3794708,260538025.3351052,-137417391.09345773,-678428665.3021743,0,0
7760,-161420380.1823286,-378765363.36103016,-654675468.2289782,-108812094.93942541,0,0
7770,134046562.09163982,407634939.7348547,-271291593.7580568,587103916.8909895,0,0
7780,138436639.18362054,-422783691.96422774,506849684.8640672,430701641.2411472,0,0
7790,-187252321.4678244,352192817.1829557,609299709.6516821,-330534321.2250345,0,0
7800,363334453.2222489,-279287086.59784704,-48289876.961680755,-694372644.8654022,0,0
7810,-395492222.4617507,72871771.11236776,-637290417.9190837,-208302718.51817557,0,0
7820,439853656.6363441,-20049351.761652738,-366205434.15195966,534028049.3161008,0,0
7830,-359368912.5700501,-244135460.7197461,429892840.2989541,499137403.3251913,0,0
7840,311010850.74816376,262454186.49564674,643151965.3103573,-245147849.75357798,0,0
7850,-155749662.56289098,-429894805.9383588,41022059.61804852,-697149377.591838,0,0
7860,-8739739.61908257,396146084.61421114,-606487621.4345174,-301696727.2297707,0,0
7870,108181634.45606102,-436287987.13728166,-451604853.02727956,467802504.08720386,0,0
7880,-319909002.17437565,276306121.04639655,341812664.9978408,556796493.3253049,0,0
7890,335557779.5094858,-248934449.6085804,664776803.9370933,-153722179.76224828,0,0
7900,-452041729.06524456,19902150.959050573,129220407.86588573,-686943758.8609982,0,0
7910,385768274.70718837,85706502.36393577,-563665670.5223743,-387331428.3141661,0,0
7920,-390072986.063277,-235592123.198452,-525270439.2819657,390626447.9692931,0,0
7930,186937925.90089336,366279703.50625,244518706.68715525,601568617.4420276,0,0
7940,-161448841.51902398,-398168065.3070791,673175842.2186999,-57699494.04482789,0,0
7950,-109986699.72441787,430611473.3665949,215067295.55702642,-663960885.1152943,0,0
7960,162195137.13338393,-364728100.23595065,-510270867.23988223,-463936523.6192404,0,0
7970,-344324121.46340203,302470052.88260263,-585615175.7319777,305029826.0244401,0,0
7980,389077557.0607668,-100238991.45512441,140486436.50697258,631710804.0942624,0,0
7990,-438018140.2352461,49358976.740220115,667441336.7127163,41153437.854882374,0,0
8000,374484606.8153252,219208421.8210224,297320025.7990433,-628426567.6645628,0,0
8010,-328839292.12748784,-240511918.1535434,-447708843.57857543,-530556509.7009539,0,0
8020,183498895.57963288,418649269.21089774,-631703598.4036549,213643489.05827162,0,0
8030,-19185127.927793913,-395615201.9200939,32638139.8080234,646050464.4299257,0,0
8040,-79230790.17472528,442827922.50225645,646874635.1439735,140710988.3421798,0,0
8050,299977051.94589055,-297042482.5869139,374671864.1363578,-580615336.5247006,0,0
8060,-318155575.4756745,271656856.93988603,-377301443.3675508,-586462797.8023826,0,0
8070,449449846.326775,-49561283.30078413,-663183680.2760234,119002322.11897594,0,0
8080,-390928843.4304776,-58286983.023196936,-75861610.77420822,644128191.6806295,0,0
8090,404857467.5080142,209610769.60694063,611133248.3103051,238504701.31393144,0,0
8100,-211521274.6399724,-352074369.8309434,445706751.8013264,-520904201.09488434,0,0
8110,188166154.04804382,386865710.91829664,-300282329.7044177,-631071049.0963259,0,0
8120,81093779.47823209,-436526371.76988834,-680164349.2881212,23410416.809315674,0,0
8130,-136315442.58629683,375486582.8711921,-181857316.02466336,626241258.9987123,0,0
8140,323831864.60491294,-324355654.84812564,560384093.0950469,331807401.6406264,0,0
8150,-380776664.1715738,127082494.35769667,508877205.90195936,-449849022.24299556,0,0
8160,434227943.1695341,-78496801.8175261,-217822599.91737902,-663873524.4298545,0,0
8170,-387882406.7794129,-193337429.74317163,-683075069.6429614,-71124722.50193414,0,0
8180,345115773.20149064,217377283.06171885,-282445412.9698756,593376992.2348007,0,0
8190,-210444372.4480224,-405606272.2964981,495428201.5113187,417791476.6516203,0,0
8200,46999340.51391587,393128958.5077054,562515904.5740255,-368277132.6234042,0,0
8210,49898423.16267702,-447439573.61625624,-131077861.89943251,-684392297.7517021,0,0
8220,-278693615.2694186,316362347.55884796,-672536348.5048779,-162898353.61021966,0,0
8230,299229874.5815263,-293150336.4516294,-375157647.2432788,547057983.5025814,0,0
8240,-444906800.1287155,78973917.72511277,417757387.8164512,493746794.9803271,0,0
8250,394153393.5267407,30570519.17864897,604891312.5247829,-277384371.0059649,0,0
8260,-417903288.3207371,-182706563.94784883,-41249027.86871341,-692157131.2719306,0,0
8270,235054323.84722555,336217711.4298674,-649258361.4704157,-250472207.80821085,0,0
8280,-214076095.49509612,-373778198.131371,-458056477.0690669,489143084.3620693,0,0
8290,-51886330.0157607,440503285.5065994,329512953.1940708,557320237.5812151,0,0
8300,109739035.54378572,-384415323.6251823,634314076.8629004,-178817574.3480928,0,0
8310,-301946257.5750458,344849176.1566202,50350677.16848872,-686711078.5431296,0,0
8320,370630456.5127226,-153272453.64888567,-613974501.5223225,-332613622.03373986,0,0
8330,-428498753.6136676,107332583.35108277,-529742256.3188553,421631364.55688304,0,0
8340,399502826.8070013,166640249.82588783,233341509.980384,606723879.0005305,0,0
8350,-359761689.1521483,-193160289.62958696,649291849.1582057,-74717170.90175945,0,0
8360,236469460.20464396,390822734.1153513,142230957.972515,-667646524.1038387,0,0
8370,-74566440.70308846,-388699847.6128775,-567409836.6542983,-408225032.13175154,0,0
8380,-20313156.43110898,450101744.54025114,-589293168.6726924,346503919.99990803,0,0
8390,256158253.33777902,-334177095.1927364,132174696.89528199,640862757.6065592,0,0
8400,-278868086.3216161,313313719.2303838,648715445.1100274,32306828.521852233,0,0
8410,438433311.41603446,-108011525.21479297,232672672.96373376,-634673225.5592088,0,0
8420,-395425909.5480232,-2693320.2138445824,-510281121.7401536,-476275018.5273347,0,0
8430,429153297.02504045,154996115.9078523,-636167461.4010864,265620015.79574868,0,0
8440,-257425890.6504994,-318785942.397616,28982933.538846925,659356721.4520547,0,0
8450,239059990.3050831,358963966.04986215,632042366.122063,139283574.24002963,0,0
8460,22494231.297241874,-442525722.9019816,319702744.67967254,-587716739.3645658,0,0
8470,-82595049.72383887,391470287.87788427,-443323958.0901977,-535739201.06685543,0,0
8480,278761917.5211223,-363861938.7197158,-670095338.9961044,180668111.25213462,0,0
8490,-358688791.30598843,178682148.6155053,-73442916.33900459,662463145.6498516,0,0
8500,420854915.86534625,-135737461.57447967,599432517.5399499,243072663.97960013,0,0
8510,-409294416.18966305,-139238434.69485444,401111609.23610306,-527039368.6744687,0,0
8520,372706249.42784166,167976050.63119906,-367342536.1821572,-585557814.2085758,0,0
8530,-261461520.6419418,-374363143.1703413,-690980270.4420795,93162743.92740026,0,0
8540,101751154.82361317,382349879.93910366,-172643836.27313367,650933036.8929935,0,0
8550,-9395295.030604765,-450801814.10757023,551794433.3728703,340608762.87343657,0,0
8560,-232476379.80664214,350405041.8654205,474527805.5357284,-453366460.0627144,0,0
8570,257164269.1491642,-332052084.4709946,-283276932.5097896,-624616589.48328,0,0
8580,-430058568.8782973,136547204.0927037,-698821255.8047996,4474765.519708186,0,0
8590,394739949.4672206,-25207633.181762114,-266565596.59001148,625842684.4422036,0,0
8600,-438558163.62080723,-126599536.62605302,490721891.3864161,429148627.99880415,0,0
8610,278530247.3730136,299862792.25620085,537556689.9441042,-367990590.5954627,0,0
8620,-263003426.04103297,-342489293.9900465,-192281265.0459327,-651757943.0021964,0,0
8630,6951784.049731582,442585884.43710923,-693661391.6735085,-84117223.44666304,0,0
8640,55015323.24148787,-396616552.43142706,-353560838.8862015,588437309.2897605,0,0
8650,-254379093.48227575,381311686.7875149,418333301.3910354,506465552.45406014,0,0
8660,345010239.3029912,-203188582.30019006,587974801.1880759,-272819786.45551395,0,0
8670,-411329312.2304682,163584533.4099799,-95802658.59802255,-665829265.9493432,0,0
8680,417214003.24101263,111256778.5689844,-675564463.9644533,-171364564.12613878,0,0
8690,-383886803.3191024,-141944226.9047883,-432340885.35151184,540009457.4204636,0,0
8700,285312401.0157181,356299279.74120206,337054594.37775856,570953352.1339916,0,0
8710,-128420058.16620964,-374110480.3829375,623950791.6736857,-170339793.64331734,0,0
8720,39096694.4914203,449535784.89347434,4353859.920593485,-665772785.1615144,0,0
8730,207758781.03468508,-364971830.8926767,-644619714.5438037,-255984036.6948688,0,0
8740,-234218682.36950892,349277191.1260872,-501900222.7838228,481820891.6862061,0,0
8750,419820106.7981377,-164456237.3662776,249397510.81842035,621631552.8562025,0,0
8760,-392098672.9373556,52995262.77535311,644246314.8543876,-63478492.93415791,0,0
8770,446076591.08245766,97639915.05267146,105994347.79286599,-650755345.4420768,0,0
8780,-298267632.4753763,-279539119.6742054,-600974350.6372514,-336599253.06613183,0,0
8790,285796767.2238052,324427989.30046207,-561432988.6259657,415066801.5523931,0,0
8800,-36320711.268712886,-440684706.53853333,157776802.8688534,658070761.8168681,0,0
8810,-27133754.97070612,399828465.16281855,648346606.7761468,44610720.69243819,0,0
8820,228903231.78369004,-397122943.2780649,206560744.32334194,-620325733.692196,0,0
8830,-329661810.8286587,226673082.87156257,-544892664.1464288,-411696693.607303,0,0
8840,399963207.24643016,-190749415.47358942,-610255212.6573497,340876043.88127816,0,0
8850,-423226902.4900845,-82822755.62154979,64389910.99277149,680271819.3624542,0,0
8860,393249125.83261645,115188450.79502991,636486699.0674796,150802381.84511584,0,0
8870,-307918905.60995746,-336709906.3534244,303228722.08347136,-574573323.1647711,0,0
8880,154442231.56536072,364022338.0469192,-476838708.1915817,-479606669.01082087,0,0
8890,-68660855.23067883,-446308294.4294416,-647741676.9331102,260339594.19916284,0,0
8900,-182121110.10457945,377810789.37358713,-28837826.72022532,688532759.7678016,0,0
8910,210137310.45886156,-364907877.34981525,609570116.4702142,252233008.30562246,0,0
8920,-407763646.2913812,191616641.20997047,393081333.0138738,-514249959.9869225,0,0
8930,387514821.95928055,-80533066.60344532,-397575442.4814124,-538520855.0274084,0,0
8940,-451675491.9300908,-68242781.76547861,-673283100.9028856,174559636.7901484,0,0
8950,316544734.403587,257912491.16996387,-120253230.71761455,683329049.6841905,0,0
8960,-307335646.30049825,-304861041.8512718,569008084.4993789,346469086.077809,0,0
8970,65481856.307105914,436831866.70151746,473338285.4405483,-440814964.89079326,0,0
8980,-914347.9470934942,-401089759.0979117,-308266805.028214,-586557458.1770992,0,0
8990,-202444518.99678364,411227336.8391083,-686267897.9183537,84712226.78897427,0,0
9000,312718640.0496502,-249021885.07982993,-208437131.2239218,665221576.3041557,0,0
9010,-386806055.02862304,217110794.8478806,516524628.353266,431587140.78028613,0,0
9020,427307083.9400058,54065944.840051465,541597490.6636308,-356377044.6205741,0,0
9030,-400747662.6643712,-87835732.14229015,-210561305.11978066,-621880206.4927919,0,0
9040,329183246.14133996,315680427.8051489,-686092337.3998063,-7883818.645691946,0,0
9050,-179689906.09412107,-352135210.2256735,-292144370.58454764,634797795.4151704,0,0
9060,97958211.35668616,441132588.6843496,453971810.8662787,506170851.33833826,0,0
9070,155683356.83607525,-388863250.3161452,596034299.5819141,-263535240.85779643,0,0
9080,-185031362.09536868,378870426.0332056,-106629518.20679033,-642866377.0133085,0,0
9090,393942900.54974055,-217909702.21318352,-672202593.1390448,-101700738.44266647,0,0
9100,-381010654.0976619,107685789.47570615,-370235389.9234198,592645829.9117854,0,0
9110,455330129.1482611,38535562.547045976,383185229.3833779,569247986.2328489,0,0
9120,-333275145.9214142,-235086726.67297867,635513112.981035,-165152389.46502572,0,0
9130,327521429.61061394,283876246.8615453,871735.6565842777,-648302543.9255891,0,0
9140,-94305418.37774873,-431045749.8152046,-644170628.9996681,-194950185.75777584,0,0
9150,28992928.20491627,400393620.4692179,-441609603.48920465,539358714.899614,0,0
9160,175117404.42875516,-423563898.233236,305892275.7466199,620195518.8788164,0,0
9170,-294263628.90610015,270126688.8571789,659593088.8199931,-64113715.35080816,0,0
9180,371915270.69059753,-242550965.21337718,108924008.01676631,-637569606.7899659,0,0
9190,-429437303.4867421,-25117443.955320038,-601801845.1730237,-285561334.0283736,0,0
9200,406345733.2418948,60015849.7508267,-505148536.9208019,475565207.87435865,0,0
9210,-349013469.0217884,-293302522.2028751,223671730.61297873,658637720.8783133,0,0
9220,204039092.58369324,338507681.3084633,668441319.7361808,36878396.17989125,0,0
9230,-126860385.17878373,-434030457.99570763,214352707.56877625,-610769934.1856494,0,0
9240,-128569296.2010038,398078838.3859824,-545264940.3171635,-371205903.3920094,0,0
9250,159016746.3597766,-391098894.8407884,-559675857.5872637,401983320.9989462,0,0
9260,-378419344.883089,243220500.99719542,137955549.24468106,684354563.0376078,0,0
9270,372617828.6373718,-134320086.76327196,662688662.1511579,135441149.91954976,0,0
9280,-457024220.8707888,-8647024.115286753,314077904.97650653,-568757572.3768739,0,0
9290,348379786.61025995,211171414.02461445,-475223940.9493829,-449384880.1297039,0,0
9300,-346261656.3175293,-261567797.89006478,-603941682.2019491,319491868.551786,0,0
9310,122663069.64832829,423353375.7370506,50061275.4890071,697210453.3310146,0,0
9320,-56965838.760791495,-397742710.5557219,643268807.4831157,229571648.90446138,0,0
9330,-147040104.20559025,434079324.7669991,405356346.9829515,-513058185.53130984,0,0
9340,274387052.36334556,-289885192.2240607,-392941739.74044526,-517581930.97441834,0,0
9350,-355355966.94653654,266956346.01008466,-636639120.010355,229213015.68979624,0,0
9360,429609193.7733458,-3890724.944281064,-38755853.777078815,697108146.4392034,0,0
9370,-410015691.0316992,-31860731.296431743,611273235.276332,317641924.3944375,0,0
9380,367323857.6259452,269673744.5622828,485961934.51244175,-445698507.1693859,0,0
9390,-227370192.80592668,-323206877.7608525,-300319551.6675371,-573470658.6851926,0,0
9400,155240748.70387387,425032135.7966804,-656460600.1861504,132594670.23372173,0,0
9410,100905917.59268302,-405415717.8184245,-127240475.83387136,683969814.7958171,0,0
9420,-132213528.58779183,401535409.38718337,567841086.0171896,398349168.7905778,0,0
9430,361261952.47958595,-267438419.9336043,554273173.6284746,-368989892.80060667,0,0
9440,-362377246.3033595,160305178.1916396,-199843971.61490995,-615141246.1423061,0,0
9450,456750008.42149615,-21293285.637414686,-662198406.7833818,31476018.45716089,0,0
9460,-361787291.4057652,-186281394.60625252,-214072575.25629964,657746111.3899009,0,0
9470,363470448.4508361,238035851.9028145,514090437.4952378,470642429.3911258,0,0
9480,-150428529.5185193,-413790288.3239979,609265953.3727213,-285316556.6945867,0,0
9490,84697502.37596846,393149141.33883303,-94435221.04489422,-641296476.9637338,0,0
9500,118334089.05206725,-442728211.64033145,-652886317.4634845,-71885603.07843903,0,0
9510,-253186126.81403404,308201595.81277305,-297809107.54202163,618453559.9753574,0,0
9520,337200657.14065826,-290217982.40680575,451089133.04920727,533643100.24559486,0,0
9530,-427823314.92931956,32826215.463911586,650434269.0132604,-196967206.9618413,0,0
9540,411739040.51610565,3503824.669126749,12779516.961858243,-651368176.0708269,0,0
9550,-384035307.8065375,-244897104.65386242,-627966858.8743782,-174849503.54649895,0,0
9560,249568589.22267133,306308140.5823306,-376841254.8907255,566239654.8872006,0,0
9570,-182974976.82101017,-414176160.6446243,379859309.08622867,586571485.7159854,0,0
9580,-72822837.55364054,410840801.1792328,677672238.2932024,-106028505.44428428,0,0
9590,104745368.48728007,-410130418.3307301,118718805.71523142,-645526096.0181649,0,0
9600,-342546896.9788726,290457632.7019532,-587453922.0209447,-274504132.79926616,0,0
9610,350338843.41307896,-185513488.345706,-449378742.09190595,501472531.35306174,0,0
9620,-454508287.4443463,51155600.46246824,301408713.69764847,628687604.1137911,0,0
9630,373434363.1561471,160536222.48301724,691148719.9132501,-14340207.066057436,0,0
9640,-379068890.2991813,-213386068.48125142,220570093.4854781,-624583740.6620086,0,0
9650,177478130.9041063,402400406.3079681,-532049653.3433517,-367855835.0733801,0,0
9660,-112053567.00029711,-386634405.2339634,-513474034.1318433,424847109.3361907,0,0
9670,-89123557.9809565,449473249.2123723,216782137.9346943,659251972.3440225,0,0
9680,230764543.6809889,-324987076.41814613,691196821.3811702,76499607.90557827,0,0
9690,-317528926.1025145,312232023.91985893,315941833.4240485,-589834088.4720691,0,0
9700,424089164.82131404,-61556959.91006999,-463175937.2011954,-452067683.16780245,0,0
9710,-411506510.4511051,24920536.21872095,-567097996.2406206,337492126.9677967,0,0
9720,399075675.0136961,219080620.88372648,127126439.80300565,677511176.6671977,0,0
9730,-270525210.3251532,-287894656.8505271,678230468.0972648,165094859.12105966,0,0
9740,209941589.8026657,401509202.2104911,402929192.55175865,-542860726.4749346,0,0
9750,44451698.626903735,-414329917.8472576,-382899177.64760613,-524700283.7937857,0,0
9760,-76738943.16914499,416842909.3655643,-608272223.9226918,241053994.5281755,0,0
9770,322357223.08180475,-312177573.5316163,33761813.75409217,682712882.1610577,0,0
9780,-336561341.5537703,209821270.71255082,652692420.2869385,250192208.1215977,0,0
9790,450308402.020984,-80810499.22562747,480102612.8265449,-485365046.6580239,0,0
9800,-383266087.375929,-134059599.55710934,-293757972.18771046,-583899747.8341835,0,0
9810,392985375.5692232,187729125.31239325,-635250189.2978332,137727742.5097584,0,0
9820,-203691376.0153737,-389235836.56132436,-61750299.69701848,674154505.8261273,0,0
9830,138901553.8262276,378229259.3839928,615033554.1834437,330614315.25868696,0,0
9840,59534900.128224574,-454285385.3390107,546442930.9032633,-419035018.80228734,0,0
9850,-207231970.42462078,340160227.15976727,-198533049.5783597,-628492502.2085841,0,0
9860,296427070.34514666,-332900179.6504876,-646721227.6941549,30208009.997460768,0,0
9870,-418425148.6196098,89951772.54599063,-157555793.609711,651267743.192024,0,0
9880,409318083.2288643,-53277768.13759154,565721234.830591,405195027.6991894,0,0
9890,-412380091.4957782,-192336852.09632003,601249813.1314441,-345464647.3193111,0,0
9900,290137068.7084213,268057052.16927654,-100013110.65267509,-657976083.9794791,0,0
9910,-236022482.7993083,-387085852.0373845,-641994695.3838001,-78451767.33871236,0,0
9920,-15925557.075537808,415867941.2683769,-251489794.36655882,613736110.8509681,0,0
9930,48323357.796250276,-421640585.2711133,505274009.3705379,472724333.66741896,0,0
9940,-300782486.5576369,332503384.0490939,644045806.9999726,-266121266.43712026,0,0
9950,321111954.09641135,-233109212.17117965,-803727.8973034024,-672424944.3153068,0,0
9960,-444168201.8248162,110129467.61526304,-621116200.1751667,-185057688.61311755,0,0
9970,391236207.53142583,106978789.36638814,-341110277.2686207,561633854.8789752,0,0
9980,-405155920.8581377,-161180212.2137194,434319419.21005225,531910656.0579502,0,0
9990,228951479.12408555,374356650.47368056,674491215.7449698,-182351721.01154906,0,0
